Algorithm,test_rmse,fit_time,test_time
SVD_cgd,0.893632331659998,6.1990805466969805,0.3002613385518392
