Algorithm,test_rmse,fit_time,test_time
SVD_CG,1.8254215750574447,6.626510222752889,0.3031755288441976
